char,male,female
英,2129955,38849711
秀,2050069,29968210
兰,652920,24861769
玉,9692197,24546985
丽,359797,20528424
梅,263700,20222859
珍,861433,18385273
华,17364822,17898572
芳,1621795,17846355
红,5428392,16245963
凤,1899398,16170557
桂,2561248,15588785
小,7088341,14117462
艳,1084458,13871250
玲,316115,13554732
春,8840099,13237704
霞,117762,13143345
云,7039237,12796808
香,492305,12282149
美,948017,12273055
花,93101,11919454
淑,218984,11393410
金,11246818,10908356
荣,8365962,10872422
娟,20518,9913259
晓,4649343,9694009
琴,112856,9583624
燕,658249,9408487
文,20233017,9234528
芬,169957,9044552
爱,1443486,8347869
平,11506827,8155650
萍,163805,8084222
雪,1207580,7568874
菊,129492,7544272
翠,77218,7421584
敏,2069644,7372862
素,163900,7101852
莲,59543,6951917
明,22039064,6200273
芝,440819,6144980
海,13454516,6106893
连,2470338,5909622
月,1014146,5762995
清,6065189,5674373
琼,203950,5542765
静,546798,5487469
秋,1541636,5325241
婷,16026,5187669
慧,591876,5187528
芹,141990,5101147
亚,2719227,5042255
彩,321983,4929244
娥,14836,4833231
妹,67224,4641222
永,12090324,4297884
会,1678635,4164143
利,3811732,4106736
瑞,3447610,4040395
娜,12873,3982167
建,15013980,3958240
青,2677163,3849498
国,18301106,3807903
新,8105146,3786627
林,13365978,3780381
群,1317926,3771495
志,15003624,3755448
佳,2485494,3737626
惠,731364,3644875
丹,303899,3630777
俊,7393545,3608928
莉,29232,3514089
君,2283288,3168083
德,11382591,3034488
仙,115317,3024966
容,167200,3005572
冬,1401055,2940441
杰,8469509,2801490
巧,117676,2745085
银,2431020,2674100
欣,757851,2655500
学,6969403,2640010
雨,1478440,2570260
洪,6677683,2535634
梦,514280,2534796
碧,222613,2524623
庆,6727267,2523574
风,771131,2518815
立,5197258,2420716
洁,288021,2392238
书,2289071,2376852
伟,12462887,2321665
娣,22018,2319260
雅,152841,2258483
娇,27115,2223329
侠,73750,2220719
思,1552324,2205170
兴,7743425,2166399
宝,5172285,2127202
蓉,20764,2112103
先,2575618,2099083
倩,29448,2046375
光,7346787,2043014
珠,337870,2035576
元,5422759,2014584
贵,5655959,2012714
成,11279627,2009329
颖,280659,1996886
琳,267125,1981816
正,5303172,1970228
世,5020341,1952886
怡,195661,1934409
枝,190203,1930836
莹,74008,1925270
辉,7771469,1868900
子,3351610,1850913
福,7617439,1830935
飞,5213572,1743649
贤,2340217,1701576
勤,1011453,1693111
宇,4981612,1649683
家,4834744,1637931
媛,4299,1603373
树,3643426,1597134
晶,262194,1595958
双,1548661,1588049
妮,21468,1585779
喜,3314498,1563779
如,1228911,1543060
长,5015722,1536700
少,1964904,1533971
东,8220212,1528281
水,1932983,1509759
琪,624970,1507215
彦,1858312,1503650
茹,39755,1481962
军,15118344,1457745
桃,251263,1446518
大,3037725,1383096
雯,42575,1362152
维,2494055,1361860
友,4988374,1316508
姣,19107,1302030
方,1775954,1290319
宁,1500949,1266859
忠,8259176,1258169
顺,3793441,1256480
叶,268901,1254444
贞,291776,1253783
焕,884773,1208234
景,2064503,1205700
培,2099553,1181216
嘉,1427142,1175355
天,3898747,1165745
波,5517079,1119504
安,4610624,1114890
祥,8401216,1104209
朝,2802255,1103856
传,2614816,1102966
振,5751280,1099154
珊,69886,1084760
锦,1928092,1080715
瑶,151620,1075128
继,2487817,1074053
鑫,2872911,1069719
三,1010333,1069449
开,2396544,1053455
女,10515,1047638
楠,612305,1041097
运,1927058,1034629
广,4101481,1033730
良,6237726,1020847
宏,3417987,1012646
欢,571001,1007258
昌,4834799,996487
阳,3044027,987066
中,3988057,985978
真,379279,977567
改,71320,973131
泽,3707481,965341
坤,3314404,964709
悦,256868,957818
卫,2503962,934264
润,969991,925586
冰,444612,920261
佩,250435,915819
吉,2185444,908329
万,2939435,902106
启,2622619,894022
仁,3270504,892925
远,2735939,892280
灵,338141,891600
绍,2211957,886902
义,4626326,884269
宗,2485646,848471
璐,118184,847697
旭,2786547,843773
有,3206397,841086
满,792691,839757
超,5289288,838488
二,736402,835214
保,3517598,832890
心,562865,829995
诗,456531,817526
晨,1136672,815879
柳,186917,805452
菲,61661,803923
竹,161014,793998
凡,1249979,792564
晴,61431,791380
露,156231,783038
环,137532,781894
蕊,20787,776641
星,2005457,772556
士,1767120,772467
妍,4229,771690
胜,4863900,771352
乐,1655955,765259
虹,111915,756124
龙,10552349,752701
影,46552,749475
涵,461895,738806
杏,72692,738186
苗,126942,737980
艺,457676,731635
生,9911275,727828
一,1350901,726812
婉,3215,723991
全,5494055,722606
克,1919779,721759
琦,601285,717770
仕,1408323,717367
彤,145564,712714
发,4484512,708266
存,1149087,703633
应,1298681,697126
蕾,71486,691531
江,4771861,690171
钰,313416,687426
苏,227865,683369
园,184217,671795
廷,1683342,671702
粉,7186,669340
和,2825285,665518
敬,1075209,660543
松,4076954,658906
富,4678606,646489
守,1532834,645566
兆,1705153,642858
茂,2068010,640657
薇,6435,634983
洋,2183245,633664
根,3150023,628983
婧,951,627251
孝,1480597,625428
细,160509,623231
紫,126175,617141
怀,1634943,610489
道,1654721,610386
然,732460,607241
苹,18935,604840
馨,38951,602489
瑜,260128,599936
阿,277856,598454
四,559931,598171
进,2896642,597586
可,602758,588832
南,1098412,586587
加,1516711,586218
芸,24765,585173
其,1680147,568039
曼,20086,564146
希,939862,557733
茜,15187,557392
延,1207830,555858
萌,135637,548727
婵,3343,548106
祖,1518290,539361
智,2286929,539107
卿,322196,534811
聪,1069222,528771
峰,5863450,528587
恩,1580494,521657
田,1617097,516004
仪,131824,498856
显,1199404,498592
璇,58032,489481
弟,444468,487850
定,1150343,484273
迎,311977,482318
纯,441862,480087
爽,173140,472804
彬,3332598,471470
来,1927459,470219
自,1109563,467722
岩,750863,466798
莎,3959,463875
微,59694,463014
赛,151104,461332
妙,61858,459569
代,637041,457264
才,4335195,456247
民,4816283,455642
西,814991,440151
孟,576869,438409
杨,863324,433274
善,1348174,426361
依,103779,423734
治,1417276,420211
付,1437762,419838
若,190896,418317
木,805962,415916
笑,124507,414560
健,2589280,408024
盼,149784,407861
年,863688,407692
荷,11624,406350
从,627210,406122
礼,1858895,405398
迪,460857,405047
凯,2897232,404470
甜,24550,403688
汉,1984348,403287
本,1096052,401865
男,268146,400046
娅,3146,399891
向,990465,398949
涛,5976855,394080
招,96875,389744
舒,106933,388430
益,949509,380305
跃,1412374,370405
占,1671229,368604
九,380714,363912
宜,412563,361864
楚,335756,360955
鸿,1164292,360045
肖,147036,358920
腊,38267,356923
映,181225,356295
媚,1087,355996
亭,329418,352524
好,355376,352329
湘,303057,348442
羽,221616,347213
登,904287,346862
意,354047,346549
格,100443,346407
汝,462339,343410
术,163158,343195
恒,1960624,340356
李,242866,340044
炳,1598317,336561
娴,704,335284
纪,651471,335091
昕,193647,332800
婕,566,331679
睿,475759,327770
靖,376645,323446
果,221559,322482
相,828983,320955
圆,87444,319794
增,1592578,315136
承,1067757,314925
章,1858892,314191
卓,548954,311753
瑛,36631,309551
令,517360,306331
育,573570,302707
奕,380058,298585
亮,5446696,298582
夏,132980,297767
丰,1208088,297327
京,489678,295323
均,1162749,293417
灿,740373,292290
同,1054327,290570
盈,64484,288713
日,714199,288666
儿,75394,287624
修,871393,286822
帆,478220,285785
铭,1141720,285259
尚,890300,284686
绪,595054,283105
博,2060262,283098
业,1231967,283053
凌,296152,280279
太,1130902,278647
萱,23956,278452
玥,20257,275690
钦,856964,273133
路,516727,272417
井,464372,272221
姗,1062,269585
耀,1782057,268631
锡,876441,268369
鹏,5494636,268187
玮,302090,267725
宪,720236,266357
磊,2766464,265256
冉,102848,262417
雁,101017,259717
岚,52006,258966
梓,517371,258613
六,245895,257483
轩,1063877,256756
瑾,54154,255707
毛,284242,250538
蒙,150013,248999
奇,1422950,248191
高,1989633,247741
艾,60098,247092
石,625900,245100
斌,4814830,243107
菁,20720,242400
兵,4454868,242185
源,1195887,240750
越,305994,239711
力,911631,239556
锐,741421,239332
剑,1280392,237255
之,464904,236712
黎,216469,236173
珂,140098,236051
勇,6630578,235729
常,556042,233275
仲,825089,231386
康,2382387,230307
召,455934,230014
五,253641,229290
伶,16949,222392
合,897555,220939
枚,7084,220404
哲,958972,220402
淼,226798,220289
王,109179,219498
寿,1068293,219235
为,636286,218433
昭,465786,218081
伊,53683,217330
圣,829019,217324
张,142869,216136
品,374815,215684
姝,1304,215606
颜,82840,213755
浩,3846759,212163
久,569945,209950
苓,14291,209929
锋,3160501,208152
端,174811,207960
白,80178,207742
再,350620,207389
蓓,7003,205658
潇,165211,205159
引,27284,204417
乃,450378,203869
乔,181054,203236
述,230551,202608
晗,121520,202320
桐,241253,202173
贝,86040,200807
崇,655729,200477
信,1196622,200308
语,51841,197847
照,606608,196839
言,325766,193284
韵,25120,193156
沙,26220,192937
曦,161370,192895
幼,43052,190756
寒,130974,190698
祝,127648,190123
贺,502118,188844
多,232022,188407
陈,215129,187502
畅,181748,187418
烨,215848,187222
现,482548,187051
扬,630865,184888
丙,473169,184529
刘,144566,184480
作,562068,182772
献,420110,182742
毅,1246816,182588
咏,54875,181637
裕,627649,181393
情,46748,180251
程,758016,179524
火,315888,178058
庭,616216,177002
斯,137615,174163
沛,334599,172876
必,335288,172516
霖,479843,172023
武,3480015,170080
以,357988,169473
鸣,419738,167644
宣,355092,167385
伦,1034689,166594
强,9894803,166043
芷,10591,164768
铃,32357,164617
余,647652,164557
含,58652,164276
炎,604810,164234
时,338406,162187
盛,1069196,162171
球,227033,160759
嫦,299,159246
辰,399521,159184
霜,16910,159179
柏,820862,158797
晖,324732,157805
念,200088,157334
蝶,2361,156355
奎,1638173,156092
姿,4079,155953
芙,2406,155921
鲜,22424,155786
邦,673998,154210
逸,285474,154143
换,29087,153642
厚,617971,152962
山,4140332,152161
威,1387835,152033
榕,76794,151481
米,33644,151438
桥,503352,150945
卉,4582,149573
丁,232436,148940
科,1496796,148821
观,223611,148789
川,1118609,148579
筱,23356,148556
得,561013,148359
化,345788,148138
能,657953,147708
达,1410018,147601
齐,437968,147489
岭,384847,146854
娃,157469,146690
在,340374,146458
朋,1321034,145751
周,912791,145632
航,1032841,144549
茵,1360,144069
绮,6035,143328
范,96820,141701
朵,9736,140501
麦,27718,140500
伯,542519,139798
鸽,18538,137021
歌,44489,136870
炜,550735,136597
雄,2294222,136472
晋,357191,136465
熙,326654,135662
殿,579379,134694
茶,3637,134544
鹤,242290,134543
留,313853,133805
煜,363160,133127
俐,6941,131708
想,158238,130251
妃,9840,129956
结,82042,129433
滢,6139,129220
硕,448078,129188
淇,93700,128265
分,16847,127655
毓,129501,127283
泉,1613991,127255
旋,115742,126741
慈,42968,126705
懿,87580,126689
诺,57053,126380
允,232411,126041
帮,293280,125144
帅,1656210,124759
阁,105031,124410
蔚,79039,124304
营,377872,123995
前,561489,123569
联,228780,122653
柔,4576,122193
雷,1229889,121884
佑,329502,121516
巍,249219,119724
柯,172857,119462
妞,2277,119075
昱,180376,116678
銮,19957,116294
晚,25056,116255
旺,1717846,115686
知,169117,115627
千,193589,115345
音,18535,115273
捷,188062,114801
权,2374044,114493
芮,17929,114037
童,129016,113964
苑,12925,113272
姬,774,112371
漫,8592,112009
翔,1172846,110559
带,11112,110552
坚,686330,110197
泳,133155,107851
祺,206639,107625
臻,117992,106550
丛,80260,105961
亦,142546,105912
珺,26810,105805
斐,72863,105514
社,240911,105236
葵,38732,104749
望,243430,104712
堂,1315186,104401
腾,572905,103970
变,1927,102972
惜,6226,102769
钗,4718,101717
百,276137,101455
伏,74242,100337
森,1721708,99019
儒,360356,98125
尧,610873,97872
芯,6926,97368
名,345669,96618
七,67808,95719
铁,766705,95149
政,1217930,93357
焱,183978,92426
岳,429515,92244
嫣,192,91867
沁,22693,91629
冠,453553,91190
升,1096255,90851
优,71369,90616
恋,6760,89780
添,367433,89626
池,231479,89236
禹,319274,89222
老,183237,87316
琛,177680,86023
伍,300644,85546
稳,167287,85276
密,27330,85225
初,417347,85158
尔,132058,84814
行,481566,83969
莺,1864,83882
领,227987,83667
理,369278,83390
幸,104496,83094
霏,16534,82923
姑,622,82877
枫,165961,82373
祎,49232,81956
于,157593,81866
关,182042,81075
财,1755371,80700
玫,1589,80315
琰,43756,79947
晔,62108,79370
土,222652,79278
任,212911,78677
蓝,14903,78467
易,145913,78027
靓,14916,77892
夕,63538,77699
乾,586490,77189
罗,114876,77053
妤,208,76959
习,145349,76539
绿,21605,76186
霄,97828,75999
谷,69954,75245
桦,71418,74643
津,103432,74251
杉,39787,74051
季,81198,73905
祯,129423,73813
棉,12318,73211
昊,1017892,72864
记,205350,72691
申,434090,71205
基,583083,70011
早,45348,69624
溪,93351,69202
拉,32068,69116
夫,267998,68595
蔓,1310,68495
俏,6625,68416
渝,78451,68397
珏,28168,68337
艮,43223,68203
繁,138462,67760
何,69606,67630
选,287812,67410
法,1168919,67401
玛,24369,66889
采,10037,66793
衍,204053,66790
忆,24450,65764
闪,12828,65595
蕴,20556,65550
昆,449635,65247
鱼,25124,65225
梨,5140,65160
屏,8728,65019
后,190459,64980
缘,35024,64902
禄,650019,64155
柱,1355876,63952
恬,3770,63874
仔,85597,63495
吟,4954,62720
计,166796,62657
臣,1315806,62211
予,38195,61782
棋,149306,61777
措,15967,61574
又,59014,61522
团,109267,61467
菡,2841,60624
棠,98740,60360
干,195905,60130
印,531481,59617
举,580245,59324
淋,50635,59145
胡,37791,59034
叔,11369,58991
效,183390,58962
展,351808,58358
隆,419696,58158
普,313882,57953
见,222045,57707
停,44116,57426
皓,398730,57128
泓,128118,56803
征,281881,56359
功,525672,56298
净,9960,55842
攀,251040,55754
樱,1715,55726
芊,5138,55583
丝,1567,55551
滨,425603,55294
歆,19965,55141
原,197724,54938
革,166002,54547
刚,5298773,54426
宽,731525,53898
荟,4088,53778
宛,4076,53678
俭,182204,53532
喆,137056,53263
起,486474,53174
轶,84198,53098
辛,42193,52951
韦,67216,52799
凝,5625,52769
训,194638,52089
纳,11073,51184
鸾,1714,51126
研,46193,50945
非,101522,50602
慕,21083,50563
囡,2530,50263
函,30961,50228
茗,27942,50186
乙,53684,49989
陆,139264,49665
遥,51759,49593
郁,45412,49399
璟,31447,49340
单,11494,49266
庚,215470,48963
旦,108972,48912
筠,8126,48572
严,97051,48567
舟,180448,48153
欠,4511,48122
河,715451,47760
唯,34998,47709
谊,50534,47563
杭,161756,47213
澜,17130,47180
冲,342204,46518
眉,2476,46446
汶,44184,46212
钧,301356,45584
许,88312,45077
麟,226255,45063
黑,48178,44963
马,62614,44963
通,623773,44789
官,222168,44703
丫,1730,44610
声,256071,44259
地,87147,44182
飘,16215,43868
宋,40423,43799
咪,1593,43661
诚,536683,43602
甲,203733,43546
典,144966,43362
谦,258996,43097
岑,34318,42598
豆,18815,42399
勋,583654,42392
宾,508910,42041
锁,325112,42022
草,11736,41840
峥,81892,41459
韩,58734,41428
孔,117244,41164
垚,78722,41141
步,144816,41060
黄,44157,41014
淳,72124,41007
经,182688,41007
蕙,868,40608
豪,2337394,40411
鲁,125653,40233
琨,89494,40107
洲,829870,40050
暖,10506,40028
愉,19817,39792
舜,96419,39567
佰,136942,39523
昀,39093,39216
禾,25221,39126
济,196228,39115
笛,24310,39101
徐,67542,38935
丕,101342,38819
桢,52838,38795
旗,304413,38790
钱,108370,38734
钟,183084,38728
八,43674,38700
城,742645,38616
施,19144,38530
浪,242067,38491
烟,4619,38444
鹃,841,38423
贻,95395,38002
逢,81983,37974
针,5805,37799
烁,67481,37690
琬,839,37641
佐,145714,37136
秦,51430,37128
桑,35043,36916
尹,22739,36319
响,81551,36259
译,23628,36111
弘,109650,35884
节,34722,35825
墨,41071,35699
龄,19990,35504
今,13193,35218
渊,197147,34958
秉,204130,34801
玺,169415,34669
姆,585,34625
穗,12225,34591
鹰,38031,34398
师,110263,33800
浓,8925,33787
亿,90333,33782
傲,93106,33758
钊,415375,33619
录,333263,33576
重,173066,33392
晏,37610,33364
支,27955,33295
兄,1938,33260
体,78599,32976
栋,1220003,32962
庄,80156,32784
瑄,12015,32606
荔,3035,32265
赞,115573,32254
姚,19110,32241
玖,68756,32175
绘,5278,32087
铮,83847,32060
蜜,3804,31937
么,2360,31908
韶,56103,31907
奉,50473,31710
温,44301,31677
镜,102621,31443
熠,59743,31423
珈,16350,31275
竞,40264,31104
伙,31382,31082
俞,28143,30956
宸,107931,30533
旖,839,30523
绵,28619,30356
敦,115407,30290
寅,128849,30264
烈,157896,30258
尊,97868,30138
省,71768,30130
人,103250,29891
洛,62110,29851
赵,65960,29838
杜,26569,29622
检,19504,29519
馥,5441,29443
榆,29183,29356
头,46110,29342
漪,2805,29340
则,103769,29302
孜,16302,28972
奥,124385,28948
郑,45516,28863
亲,9706,28769
趁,6586,28576
赫,106716,28487
菜,599,28378
呈,93865,28348
誉,55257,28346
争,95260,28345
豫,38642,28227
上,145933,28221
野,143761,28209
放,90968,28005
实,88878,28003
芽,8391,27694
甫,358992,27683
虎,2074758,27123
旻,35106,26911
曲,13270,26888
曾,49232,26881
致,136269,26782
用,93596,26775
袁,24787,26533
荧,3102,26508
让,83618,26377
震,470506,26335
灶,20982,26244
列,30376,26180
玟,2131,26048
闻,59846,25949
积,155059,25947
党,81970,25894
楼,82202,25827
娉,72,25809
栩,37403,25797
未,26281,25736
慢,1862,25509
里,145066,25262
鸥,14845,25045
配,12974,24935
梁,303513,24709
北,147648,24703
陶,45026,24687
炫,73377,24687
霓,1801,24351
骏,361656,24153
萧,18653,23942
郭,15947,23816
暄,12869,23673
驰,149894,23612
巴,41015,23492
嵘,33869,23473
朦,4214,23429
央,12388,23386
回,10836,23360
颍,3831,23338
潼,13052,23278
翼,87649,23206
桔,5310,23075
朗,119219,23054
居,76889,22991
燃,35400,22867
璞,52841,22736
璠,8466,22648
汇,34252,22609
煊,47501,22604
胖,17201,22323
解,29139,22229
镇,419678,22186
璨,10272,22151
朱,23358,22127
澄,51459,21985
鹭,6504,21938
衡,161576,21865
苇,11631,21787
翊,34875,21783
劲,211995,21764
精,31249,21760
砚,34642,21538
欧,29435,21473
菱,1510,21242
曙,93528,21232
潘,36655,21209
巨,115593,21174
盟,35955,21099
勉,16539,21031
皎,4379,21016
珑,24652,20701
专,25912,20539
麒,108054,20343
颂,47571,20308
焰,37260,20299
随,36777,20163
喻,12427,20145
战,306426,19956
薪,13242,19909
涓,715,19900
虾,10206,19874
玄,44750,19720
瀚,152948,19719
溢,43061,19650
萃,1610,19572
要,70478,19529
员,22014,19526
佃,28326,19488
魏,37089,19461
愿,32447,19338
绣,1304,19200
也,16778,19160
深,233202,19056
壮,330446,18945
醒,16371,18849
悠,6278,18761
隽,20938,18758
沐,32265,18631
峻,154449,18545
潞,5139,18500
尾,5740,18486
默,20917,18332
恺,116554,18253
际,89754,18246
煌,207416,18202
的,5522,18104
倍,14784,18071
皖,10039,17858
求,45190,17854
戈,49167,17842
旎,217,17832
聚,136981,17796
飒,3624,17747
公,114954,17652
彭,65692,17591
姜,15289,17488
宵,15461,17468
拥,113821,17465
谨,19447,17458
溶,3419,17456
翎,3918,17454
迷,2284,17403
纹,4966,17359
各,8858,17353
慎,45927,17336
吾,18376,17293
点,15932,17215
复,55569,17209
嫩,1815,17128
左,16510,16913
忙,5753,16865
潮,223546,16760
融,15581,16718
栓,95449,16713
沂,16817,16705
燚,39053,16643
忻,7024,16596
十,25139,16577
牛,113967,16524
榴,1141,16453
坪,21199,16415
粤,24343,16336
蝉,1942,16197
岐,184117,16089
徽,31489,15995
样,11734,15887
汐,3977,15577
院,29360,15573
蒲,7797,15516
骄,13978,15426
赢,21897,15270
炼,44492,15252
灯,61854,15226
纤,989,15196
近,22798,15191
唐,57123,15053
颐,7166,14997
沅,38932,14956
尼,8318,14859
孙,46880,14824
练,25553,14785
禧,38702,14782
琢,23328,14714
羚,1982,14660
彧,16955,14523
霁,12033,14417
唤,1576,14279
晟,138483,14228
俪,204,14224
郡,11105,14150
盘,18421,14104
炯,95649,14053
流,62564,13894
迅,49192,13881
布,41532,13806
泰,309737,13795
祉,9613,13669
藏,4772,13635
迁,30775,13617
韬,199085,13602
睛,1081,13578
嘎,17208,13541
游,49973,13476
倪,5174,13358
魁,307815,13321
珩,25444,13317
尤,27254,13309
旸,19716,13269
毕,22837,13225
奋,42429,13138
卜,21735,12990
莫,7614,12969
朴,39247,12899
校,90542,12886
屹,54131,12884
养,93984,12853
骞,51777,12838
台,20026,12834
柠,6486,12752
段,945,12707
位,54375,12653
忍,14260,12652
黛,217,12643
岁,16516,12556
湾,2888,12541
画,2213,12538
熹,23062,12535
崔,2139,12533
过,12654,12499
那,3076,12418
匀,4268,12386
葱,2744,12353
茉,225,12347
至,42069,12226
耘,13142,12192
滔,149791,12180
湖,114125,12147
侨,21289,12078
司,15552,11962
提,6580,11957
闽,20087,11931
煦,22178,11797
楷,199168,11760
古,28515,11759
罕,10623,11715
佛,25361,11699
偲,4509,11687
瑗,1211,11666
吴,23372,11577
轲,38029,11569
瑰,611,11460
线,2949,11452
啸,99879,11443
尕,3441,11351
晰,6309,11339
吓,795,11305
沈,23571,11299
邓,15651,11294
蛟,48373,11291
牧,23517,11269
岸,22487,11265
续,39829,11258
弦,9750,11194
州,278879,11178
芃,15174,11140
滟,631,11097
倚,6730,11093
槐,39552,11003
委,75565,10959
仟,12124,10952
娆,248,10948
者,6921,10853
珉,17253,10806
农,52374,10796
临,27921,10773
序,34065,10768
席,24613,10749
冷,2990,10726
沫,6131,10721
标,845697,10698
鸳,453,10671
键,112876,10655
葳,6380,10625
遵,39538,10605
励,11828,10377
澳,46028,10316
闯,237688,10305
璋,69233,10284
策,98477,10271
锶,2417,10270
昂,114849,10247
灼,38602,10128
瑕,355,10098
絮,1352,10070
参,22501,10045
翰,139274,9966
植,73817,9935
图,58174,9918
谣,2657,9847
卡,11488,9827
听,12347,9813
绚,1440,9792
乖,2215,9747
缨,1310,9687
吕,28226,9674
邵,26336,9648
纬,38849,9633
殷,7900,9587
淡,3313,9551
猛,432342,9541
调,1042,9525
荫,15153,9474
岱,23025,9463
苒,1558,9439
陵,20795,9431
介,33912,9430
翌,13197,9429
瞳,5896,9407
荃,8124,9345
惟,19446,9315
瀛,11161,9305
享,30640,9276
翻,3286,9231
谢,15057,9196
兮,2202,9159
鸯,342,9138
羊,35373,9065
舫,4693,9005
垒,86890,8956
檬,3269,8859
荻,3289,8809
亨,71269,8808
鸟,1091,8799
外,7406,8798
熔,4156,8766
胤,54604,8757
眼,4429,8627
箫,6367,8622
历,21241,8621
劝,768,8619
骁,61798,8580
珣,5503,8575
韫,3622,8564
乌,3083,8524
竟,16328,8499
焦,4002,8477
朔,29590,8441
叙,25885,8403
漩,2939,8390
忱,36516,8383
薛,6698,8381
买,4403,8347
羿,26483,8322
唱,3938,8307
芩,333,8258
宴,9486,8182
谕,8112,8116
村,33931,8105
蓬,29522,8092
层,2836,8086
都,51169,8002
条,1250,7988
勃,65383,7933
钿,13838,7827
滋,10472,7815
佼,3079,7769
快,13729,7762
顶,58824,7741
羲,23356,7732
冯,14921,7725
娓,218,7708
更,68495,7703
蔼,1735,7691
壹,18994,7582
弋,10196,7543
藤,5402,7536
桓,57496,7523
汀,9615,7508
落,7805,7488
围,9947,7488
逍,16203,7476
车,6405,7427
咸,20939,7420
无,13501,7415
玙,1791,7349
舞,4614,7337
谋,102055,7268
椿,20338,7262
赐,87952,7251
峡,2900,7247
送,20599,7242
创,187811,7230
慰,10878,7226
耿,82459,7210
觉,26636,7208
首,40233,7200
菀,280,7190
问,8314,7163
哓,2612,7149
铄,13232,7097
集,36663,7095
等,2886,7075
阅,5889,7070
莞,897,7068
抒,2714,7035
嫔,68,7004
箐,1317,6999
橙,6286,6991
灏,71944,6972
坡,185641,6923
帝,46229,6922
廉,28883,6889
直,20792,6889
壬,6379,6864
秘,4271,6860
羡,2954,6818
闲,1780,6801
鹂,662,6793
肇,47172,6783
娱,1085,6774
所,22859,6770
坦,23777,6768
抗,14220,6742
荆,4708,6728
钥,1639,6702
钢,433473,6684
特,49446,6675
境,16720,6668
遂,14726,6649
樊,10348,6640
翘,2813,6639
闰,8715,6615
铖,61995,6562
简,6897,6553
次,10451,6529
网,4178,6516
棣,16865,6488
芒,4341,6473
祚,35927,6460
裴,3663,6457
叫,3764,6442
串,2701,6409
晞,3471,6407
蜀,7002,6380
拾,6534,6365
蓥,1461,6359
统,82564,6358
只,2094,6357
稀,4502,6332
频,3283,6331
翀,25201,6308
热,6814,6305
尘,14800,6299
赤,5377,6294
垂,26297,6294
莘,3493,6239
巾,906,6211
称,7219,6199
渠,17417,6163
鋆,11056,6130
教,27521,6104
挺,95577,6102
尉,22857,6071
主,31647,6025
仰,34406,6009
铎,122819,6003
甘,9364,5995
异,9152,5990
曌,4370,5963
昔,9675,5916
洵,11398,5890
衣,2595,5798
滕,12886,5796
婴,1241,5795
考,21278,5791
炀,21219,5769
湛,34043,5761
由,21177,5745
模,50365,5727
颢,22368,5700
准,22531,5695
嫱,19,5691
因,1804,5679
鉴,75474,5649
认,1679,5646
资,12914,5645
胭,15,5641
骅,21249,5580
骊,1561,5577
怿,6300,5557
籽,3331,5503
钻,4131,5497
莱,3773,5467
刁,1458,5451
斗,80464,5445
迈,9238,5421
璧,3947,5419
镁,684,5403
斋,14458,5390
霆,46007,5379
烜,19308,5358
阔,82592,5345
啊,2726,5330
萤,432,5327
澍,18586,5303
仓,188522,5293
葆,7780,5287
摇,4399,5278
论,10337,5264
演,9489,5239
淮,48534,5220
鹿,6099,5216
泊,23534,5210
擎,10618,5185
门,6110,5176
窈,60,5156
冶,17884,5154
茁,7591,5151
董,16530,5149
焯,33321,5146
筝,1223,5146
嵩,59439,5142
秧,726,5138
颉,7897,5134
翡,744,5124
雍,22895,5113
栎,4154,5103
铧,9817,5095
冀,20730,5087
焓,3662,5076
竺,1312,5050
闵,3430,5047
沉,2877,5044
鼎,107706,5034
执,9430,5032
努,2748,5012
汪,20139,5005
夷,2808,5002
贯,25035,4999
查,4782,4995
凉,3867,4978
协,24201,4977
沿,8317,4956
殊,2787,4946
约,8139,4939
斓,542,4936
冕,9212,4935
渺,2404,4916
栖,2618,4891
夜,3206,4863
御,4731,4862
甄,1779,4847
寻,4610,4838
味,1373,4836
与,8835,4832
末,2939,4812
房,33759,4805
璎,315,4767
漂,1770,4731
昶,45506,4728
弈,7349,4717
纷,305,4715
薏,371,4712
兔,6382,4694
塔,8027,4691
郎,22228,4683
皇,19840,4681
穆,6117,4666
舍,2019,4663
项,12213,4662
神,17382,4658
湉,429,4645
苡,1205,4636
崧,10206,4618
湄,123,4607
雀,1094,4597
黔,16416,4577
锟,52597,4576
潆,251,4575
弛,16315,4568
芋,2279,4515
烽,86785,4500
期,13926,4459
珞,2203,4431
奔,42332,4410
番,4343,4410
律,13102,4393
畔,2956,4391
伽,2493,4389
骐,24809,4348
铜,30706,4346
闫,4284,4326
稚,1741,4325
泠,542,4312
肃,7741,4278
了,1520,4271
楹,1758,4263
昳,483,4258
梵,4942,4257
潭,19315,4254
已,5918,4244
钒,8937,4228
戎,5184,4216
渲,2451,4181
浦,26127,4173
佟,6687,4172
俣,5812,4161
尖,4748,4152
掌,4312,4137
午,34917,4128
锌,7487,4117
链,3342,4090
戴,4099,4087
蓁,1247,4071
烂,2141,4067
琅,6875,4055
浠,2056,4048
镕,7566,4032
瑚,1455,4029
港,89578,4024
托,7692,4017
设,116743,4002
还,3150,3991
芦,2141,3981
玢,952,3973
迟,7189,3961
嗣,31506,3947
尽,7631,3943
崎,10736,3942
众,41650,3927
饶,5891,3915
淦,53046,3899
铱,855,3894
机,8235,3885
须,4433,3877
珲,12941,3872
聆,625,3868
辽,13360,3841
务,7756,3834
侃,30245,3825
电,17070,3820
赏,4321,3817
卢,7460,3805
哈,15871,3802
瓶,477,3800
苛,2372,3783
寰,12523,3774
燊,38884,3767
聃,3963,3750
霈,3467,3740
耕,32193,3739
粟,5075,3729
邱,4484,3725
丞,54955,3717
浚,31625,3701
妲,152,3698
援,12243,3693
锴,75447,3688
淞,36047,3651
幽,489,3640
逊,17553,3633
粮,22943,3604
倬,7967,3586
祁,11414,3560
圻,6096,3506
迦,5844,3493
枭,26064,3478
兢,5065,3466
动,35822,3459
就,22789,3440
珅,10357,3432
猫,2353,3428
邑,3709,3427
颀,2884,3416
熊,34998,3411
屿,4310,3411
漾,2559,3405
彪,967676,3401
昉,3086,3395
栾,720,3385
取,4174,3363
琇,491,3363
比,5245,3339
渭,20583,3334
葶,73,3333
侦,3034,3307
仍,853,3303
疆,28678,3290
蔡,3451,3272
崴,8024,3271
右,10785,3265
栗,3107,3252
评,3756,3245
笃,17821,3225
琤,1429,3210
榜,63269,3175
坛,7113,3168
郦,210,3167
愚,13862,3161
蜂,1141,3160
涟,623,3132
接,3312,3092
樟,31101,3053
碰,1816,3036
遇,4568,3027
边,5893,3025
备,26759,3003
乡,3827,3000
粲,2433,2989
泗,7752,2964
垠,4380,2949
蕤,1767,2942
壁,5184,2918
聿,8288,2914
板,1220,2912
涯,5493,2911
岗,248584,2906
零,2334,2889
宙,26179,2878
骥,43685,2851
染,888,2837
狄,12847,2835
整,1744,2832
牙,8611,2828
淘,9947,2827
坷,3326,2822
轮,15571,2817
鲲,22267,2813
潜,14459,2805
坎,4131,2801
铠,27246,2796
樾,2467,2793
圳,38227,2775
归,5270,2770
澎,39218,2765
移,8834,2750
涌,46847,2746
覃,3660,2743
曜,19479,2743
助,19739,2739
厦,2945,2737
著,16016,2725
荞,503,2719
椰,625,2702
萨,1301,2685
浅,970,2673
质,12209,2668
涤,5052,2663
数,3530,2663
蘅,2230,2654
偶,529,2649
泥,903,2648
曹,9625,2641
韧,8680,2626
象,19389,2619
竣,33440,2615
祈,7732,2608
萦,107,2599
目,3067,2582
词,2884,2578
拓,32107,2571
苍,26699,2560
炬,27800,2552
浙,12270,2534
琮,8743,2530
偌,386,2526
桧,1470,2519
浈,494,2519
泱,2072,2515
菠,4139,2508
适,9256,2508
警,12396,2506
萁,760,2500
霭,496,2499
觅,1195,2494
驿,5220,2494
瓦,8551,2469
璀,1211,2467
母,1071,2463
憬,2357,2440
谭,6584,2412
枢,18774,2409
沥,1374,2408
玎,1221,2403
葛,6821,2400
渤,19131,2385
烯,1943,2377
讯,7969,2370
舰,29876,2358
蔺,2365,2345
堰,1332,2345
乘,11959,2344
岫,1862,2333
纺,302,2321
挪,588,2316
厅,7333,2294
缤,2195,2275
班,5120,2273
县,14009,2263
妆,36,2262
愈,5110,2256
侯,6718,2239
铨,53335,2237
鄂,3826,2226
浛,620,2222
排,2637,2215
恭,28536,2182
钇,3102,2179
药,1005,2164
舸,6858,2161
将,59469,2151
沣,12759,2150
贰,730,2146
追,3477,2140
面,292,2139
骋,14630,2136
第,7136,2118
畏,7389,2117
敖,17441,2114
恰,1276,2106
邈,1813,2102
宠,4788,2097
仑,23293,2072
浏,3072,2068
澈,4344,2059
操,27569,2056
绯,415,2047
气,8667,2041
恕,10896,2038
惊,6268,2034
候,6133,2033
遐,916,2029
渔,3680,2028
佶,5730,2026
镭,9023,2017
包,5347,1998
荀,2167,1984
汛,5367,1977
焜,24325,1967
筑,7273,1953
炽,31042,1951
栅,431,1951
索,2881,1949
似,971,1926
毫,51054,1921
梧,5862,1913
己,2867,1909
瞻,5785,1907
表,9342,1904
懋,11551,1893
悄,573,1884
页,862,1883
榛,2335,1878
劭,9659,1876
棚,31320,1869
虞,2595,1868
欲,2856,1863
禅,1512,1842
略,15498,1842
蜓,156,1818
槟,10546,1806
锭,3291,1801
店,1208,1790
界,32364,1777
犁,1575,1764
析,1921,1760
度,6188,1751
医,2575,1748
蒋,7451,1741
而,1626,1739
管,3878,1719
释,2086,1718
桉,4250,1711
婀,3,1707
嫌,62,1697
僮,1294,1689
涣,1865,1685
潺,1283,1684
涔,978,1674
沄,1128,1648
纾,264,1643
镓,4084,1635
凭,2827,1628
靳,2148,1626
往,2467,1624
垣,15224,1614
睦,7130,1610
酉,5915,1602
共,7574,1596
量,15761,1595
歧,16166,1591
聂,2389,1590
葭,233,1589
株,1009,1587
讷,329,1585
勰,3363,1573
璜,3193,1571
楣,387,1562
檀,2246,1562
溯,3622,1552
材,57873,1548
辞,1336,1545
笠,5531,1540
裔,4883,1536
受,4697,1528
顾,4018,1527
皙,318,1527
折,1588,1511
隐,1351,1504
佚,1617,1503
琎,2215,1489
晃,6284,1488
杞,4201,1488
棱,1867,1484
叮,1003,1476
琏,1141,1466
搏,16639,1463
绎,2413,1449
史,3992,1432
域,5596,1432
圭,2557,1429
龚,5863,1428
苟,17574,1427
嵌,300,1422
市,6670,1415
朕,20134,1401
郝,3396,1393
柄,15255,1392
箭,11935,1391
俄,1791,1390
妩,11,1385
识,5288,1380
浣,304,1377
鞠,384,1377
藜,290,1369
姊,33,1365
寄,2641,1362
泷,9465,1357
疏,703,1356
奂,1135,1354
夺,12227,1345
叠,1263,1339
谧,467,1338
衿,734,1337
莼,131,1322
攸,1229,1322
彰,21166,1320
翱,15014,1310
贾,2288,1302
角,2212,1302
产,14627,1300
汾,453,1289
绥,1966,1282
杯,2766,1275
侣,2778,1272
巡,3690,1268
诣,2345,1258
淏,12151,1254
砾,909,1244
笙,4748,1244
坊,1755,1242
塞,1586,1240
镝,3272,1239
焘,18344,1239
麻,841,1235
寓,1906,1229
峤,2332,1223
纲,63647,1220
径,2127,1213
谈,2739,1204
呜,2175,1201
堤,3968,1198
翕,1111,1197
充,6774,1195
载,11221,1193
阑,96,1192
储,5238,1190
倾,1067,1187
嵋,159,1184
辅,17045,1181
藩,10688,1178
锈,274,1175
铂,6765,1161
弥,853,1157
兹,3781,1151
嫡,83,1150
累,2365,1149
雕,6274,1147
谱,8369,1140
镘,63,1134
着,831,1129
稼,6308,1123
湃,5461,1110
拼,1629,1109
漠,2258,1107
总,7843,1104
塬,2521,1087
拿,753,1082
泞,837,1078
邻,1538,1076
俨,2487,1074
瑭,862,1072
极,7563,1070
翁,2646,1058
反,4483,1053
虫,911,1052
惺,1384,1052
邹,2645,1052
炅,4832,1051
鎏,2519,1050
商,2119,1045
伸,8863,1045
潍,2063,1045
钎,1145,1043
哨,1415,1042
奚,711,1041
形,1321,1027
钺,4375,1023
珀,2584,1019
鹄,4290,1014
琲,244,1008
隹,503,1007
烧,219,1002
砂,384,999
状,17040,999
阮,742,990
赣,6266,987
涧,2021,985
循,3449,973
弢,6360,967
敢,24836,966
择,6504,950
旌,3248,944
炉,10541,943
钫,547,942
懂,6705,938
封,8481,938
下,1753,938
磬,558,934
俸,2109,933
烛,787,930
钐,387,926
铸,31449,922
刊,2141,919
捡,1018,911
夯,2606,906
劳,3752,906
税,1227,905
洗,2619,902
庸,6905,900
荐,3266,899
刀,1470,897
镔,9625,895
铉,5341,894
浔,1421,891
浴,1437,890
固,12690,888
骆,3712,886
甸,787,884
蒸,844,880
粹,689,877
绫,82,874
绩,5503,863
报,11204,860
空,10745,857
呵,667,855
泮,1110,854
性,1872,853
铿,12169,849
激,2713,843
件,9344,838
沪,4310,837
烊,2335,837
铅,1618,835
荠,200,832
麓,784,829
郴,2501,819
份,296,811
盖,6191,810
溧,664,810
府,24676,803
傅,4322,800
凛,1949,800
赖,3744,798
罡,35173,796
油,1795,796
洞,4437,794
嬴,558,793
逾,1248,792
淙,2303,791
蕃,1208,789
镒,3638,785
篮,148,784
档,577,777
孚,2971,777
潋,459,776
旷,3695,774
皮,1561,773
犀,1114,773
族,2287,772
库,124005,770
焙,977,769
种,2612,769
皆,3746,766
阴,618,761
矜,209,759
峨,637,755
式,5330,755
泯,1648,753
悟,3121,753
樵,4623,751
玚,515,751
宥,2087,749
核,1900,738
驹,34650,732
盾,7884,729
邢,1052,726
亢,2480,724
钤,996,724
鹦,139,718
况,1484,717
旅,2373,707
陌,584,707
玳,355,706
醇,824,705
翥,2545,704
抱,845,702
符,1338,699
厉,792,692
寨,5232,686
肯,4009,685
绰,914,681
钳,752,679
率,3544,678
署,4625,676
区,3110,675
哗,346,673
凇,4274,670
詹,714,665
塘,4153,664
犇,15187,658
仝,1987,658
离,451,649
憧,785,647
去,1060,645
蕖,113,641
皑,392,640
技,4936,640
郅,6518,639
趣,413,637
珵,369,629
尝,658,628
巩,3490,626
丘,2037,621
锥,719,619
溥,6570,617
赠,1721,617
赋,8663,616
琚,691,615
咚,1420,613
薄,2067,611
捍,7995,608
菩,172,606
黠,279,606
屋,194,604
降,2497,599
粼,493,598
藻,2977,597
泫,664,595
宫,2016,591
钞,3701,586
详,6798,585
值,2313,584
仅,388,583
阶,8143,580
规,3611,576
挥,4408,576
雳,1842,572
诤,1131,570
璁,945,568
纶,3171,568
翟,1519,568
证,9596,568
蹊,1069,567
艇,7957,567
销,1214,563
燮,2862,561
亓,370,559
住,2796,558
棕,3270,557
颗,724,556
洹,1158,552
获,1242,545
汭,447,545
费,1397,543
危,1314,543
侗,1924,542
奖,3983,541
渌,343,541
濡,570,541
独,432,539
莓,5,538
滑,414,536
泾,1159,536
籍,883,535
鳞,971,532
身,6672,532
事,6503,532
汤,2422,529
辑,1697,527
沃,12156,521
笳,300,520
谅,1688,520
鲤,541,519
指,3102,519
及,2420,517
钲,6658,514
缙,1968,513
倜,1637,507
禺,1311,507
衔,2249,506
矿,13430,500
钉,2262,496
桀,3075,496
烘,2345,493
沼,2414,492
廖,794,490
吹,422,488
爵,9676,487
荩,232,485
枞,899,483
诒,904,482
垄,958,481
圃,1423,478
揽,238,476
宿,744,474
柴,540,473
漱,246,471
淯,553,463
睫,78,456
藐,179,455
芗,64,454
属,415,453
舵,4151,449
醉,1215,449
玻,2612,442
岛,3673,442
企,3713,440
兼,1067,439
敌,3184,438
矫,373,437
绛,142,435
酒,273,435
珽,981,430
每,85,429
琥,3629,425
预,675,425
骜,4052,423
铝,2484,419
跑,1063,419
匡,5023,417
货,6647,416
癸,1181,414
戟,2182,414
恳,2038,413
础,2529,412
锰,5784,412
胥,1596,408
慷,7264,405
纵,2700,403
鸶,15,402
玑,383,401
堪,3191,399
溟,1201,399
盐,429,399
帜,1170,399
诏,2216,398
峙,3366,397
缪,513,396
始,2459,395
锞,1042,394
弼,6039,391
庞,3431,390
物,851,390
茅,717,383
帧,146,383
砺,911,381
络,876,381
贫,404,380
濮,1702,378
眺,395,376
系,579,376
敉,186,375
矛,1369,371
帷,581,363
墙,1603,362
镛,4054,361
宅,727,361
璃,128,359
绳,1251,358
铛,324,355
郊,534,355
稣,275,355
塑,836,355
婞,1,349
骧,2401,348
滩,934,345
兑,650,343
偿,219,342
拜,662,339
崖,600,337
棂,217,334
镅,23,333
胧,862,332
血,121,332
铀,929,332
隋,404,329
职,1411,329
被,108,328
楸,334,328
诞,516,325
呤,141,325
骑,4013,325
巳,639,324
级,2437,323
暾,2049,322
顼,971,322
厂,20146,321
绅,6497,320
彻,3050,313
谛,603,313
磐,2236,312
蛰,462,312
筹,1439,311
镶,204,310
稷,2241,309
谌,682,308
澧,567,307
秩,2121,307
顷,969,305
桁,2624,304
屈,482,304
惕,508,304
袭,850,299
烙,1405,298
苾,47,297
凑,313,296
造,4879,295
液,283,294
悌,1356,293
侥,359,291
感,981,290
勖,1169,290
蒿,1064,289
壑,675,288
镧,97,288
崭,686,288
橼,198,287
枳,205,287
邺,892,286
皞,2306,284
娄,668,278
呼,1501,275
虓,3250,274
屯,5184,273
亘,1267,271
履,199,271
鸢,304,270
萩,67,269
钜,11724,268
辕,1488,268
拯,5533,268
虑,417,266
埔,2227,266
瞿,556,265
宬,1073,264
枰,370,263
牌,747,259
姘,9,257
轰,1311,250
锷,2377,248
亩,363,248
酬,379,247
濂,856,246
擘,1314,241
瓴,391,240
戚,559,239
堇,86,234
褚,292,231
骢,1502,231
猷,2762,231
镰,486,229
豹,86099,227
儆,436,222
脱,208,219
仇,408,218
渼,11,218
涪,983,216
莆,495,215
眸,151,212
阜,2266,211
茳,370,211
耔,106,211
笨,293,209
读,991,209
墩,3076,209
逵,10842,209
觐,663,208
俚,109,207
锵,2965,207
镡,305,207
鄢,126,207
檑,1191,206
哿,286,205
赜,792,205
佾,190,204
铣,1430,203
陟,1183,200
锬,1044,197
冈,4260,195
垲,2070,195
慨,1807,195
跞,433,194
窦,188,193
岿,1212,193
肆,591,193
蓦,190,192
岍,214,192
示,275,192
膺,360,190
濯,574,189
阎,242,188
卞,134,187
组,161,185
弓,3101,183
哆,123,180
炮,2151,180
膑,1096,179
刻,936,179
诩,420,178
沧,4272,177
岂,1155,176
楝,206,175
寇,357,173
赓,5236,169
晌,242,168
畹,35,168
坍,39,167
哉,241,167
耒,475,166
晁,1791,165
剧,170,165
漆,356,165
晕,199,165
徒,171,164
纨,12,164
澹,161,160
棹,437,160
场,5377,159
蓟,224,159
器,2306,159
讴,165,155
榔,258,154
囿,592,154
畴,1914,153
迭,139,153
彝,348,152
峄,895,149
逑,99,148
磨,611,146
牟,389,146
杼,238,146
镐,6056,145
浸,103,144
综,685,143
仡,1124,142
菅,97,141
谓,555,140
廓,630,139
彼,1446,138
甯,148,138
瀑,473,137
锣,570,136
涉,406,136
部,1241,135
兀,270,135
谙,124,134
轼,1404,133
恢,1256,132
隶,276,131
遨,1107,130
熏,189,130
冒,587,129
鳌,6121,128
邮,302,126
巢,393,124
懈,108,124
罄,60,122
钩,861,121
沆,491,121
漳,2556,120
霍,662,119
掀,198,116
芑,77,115
裘,1095,115
苘,60,114
诸,400,114
皋,3996,113
攻,425,113
涂,381,113
晾,143,112
綦,256,111
剡,410,111
笺,67,110
镖,4281,108
洌,240,108
埕,583,106
甬,777,106
迂,214,106
熬,1475,105
湍,349,105
箕,330,104
逯,120,104
砥,884,103
浒,2855,103
墉,1669,103
蘩,45,102
谟,1890,102
旃,74,102
椋,583,100
胄,576,99
铢,56,99
即,224,98
拔,667,96
遗,211,96
瞰,284,95
荒,493,93
飙,3459,90
枨,411,90
撼,867,89
馗,2006,88
侍,131,88
监,1101,87
骝,976,86
敷,91,85
祜,1230,84
徕,255,84
岽,489,83
墀,293,82
阚,214,82
鼐,570,82
瞩,129,81
杵,343,79
价,188,79
訾,95,79
叨,239,78
佘,123,77
粽,83,74
订,154,73
洱,108,73
柜,304,73
湿,128,73
祠,230,72
奭,313,72
缃,11,72
遴,141,71
迥,257,69
佥,113,69
冼,211,68
楫,371,67
隅,168,67
楗,1032,66
樽,336,66
鲍,953,65
谯,142,64
郇,131,64
臧,45,63
燧,265,62
俦,148,60
桄,442,60
矩,439,60
郯,163,59
籁,94,56
弩,319,55
邸,61,51
酷,328,50
莨,153,50
儋,33,49
仉,574,49
蓠,10,48
制,545,48
隗,87,47
击,179,46
椤,114,46
镪,1790,46
堵,117,45
乎,100,45
漭,469,45
狂,501,44
炊,72,43
镀,130,43
鼓,224,43
昝,58,42
揆,626,40
堙,31,40
铕,225,40
圹,82,38
阙,57,36
囤,4049,36
埙,136,36
渚,112,35
叆,11,34
暴,120,34
蚁,33,34
衷,322,34
惑,53,33
俅,173,33
拳,358,32
庥,149,32
雒,63,31
铋,46,28
鋈,104,28
赈,276,27
裁,92,26
绂,72,26
椎,73,26
稂,30,25
茆,47,25
傥,126,25
钛,550,24
哼,69,22
锗,111,21
棁,43,21
邝,109,20
暨,70,19
偈,110,18
钬,217,17
铳,210,16
悍,413,16
赭,41,16
驻,238,16
鏊,180,15
瓘,35,15
艰,12,15
秣,50,15
仗,115,15
郜,78,14
烤,156,14
夹,26,13
嵊,85,13
篁,27,12
揭,12,12
钍,77,12
眈,9,11
耆,76,11
镞,46,11
绶,20,10
毋,6,10
怊,8,9
蝗,30,9
镳,232,8
鹇,1,8
馆,60,7
啬,2,7
滠,44,7
鹧,20,7
訇,4,6
邴,55,5
劫,3,5
坑,28,5
邡,4,4
俯,79,4
舢,17,4
态,37,4
勾,7,3
谔,8,2
扈,16,2
荚,0,2
锯,14,2
诜,1,2
揖,8,2
粑,1,1
粗,2,1
诫,14,1
捏,0,1
屠,0,1
镚,16,0
邠,3,0
笪,1,0
鹗,2,0
龛,7,0
郄,1,0
畲,1,0
彖,2,0
帐,2,0
擢,6,0
